<?xml version="1.0" encoding="UTF-8"?>
<GenRun Id="synth_1" LaunchPart="xc7a100tcsg324-1" LaunchTime="1748725356" LaunchIncrCheckpoint="$PSRCDIR/utils_1/imports/synth_1/top.dcp">
  <File Type="RDS-DCP" Name="top.dcp"/>
  <File Type="RDS-RDS" Name="top.vds"/>
  <File Type="RDS-UTIL" Name="top_utilization_synth.rpt"/>
  <File Type="RDS-UTIL-PB" Name="top_utilization_synth.pb"/>
  <File Type="PA-TCL" Name="top.tcl"/>
  <File Type="REPORTS-TCL" Name="top_reports.tcl"/>
  <FileSet Name="sources" Type="DesignSrcs" RelSrcDir="$PSRCDIR/sources_1" RelGenDir="$PGENDIR/sources_1">
    <Filter Type="Srcs"/>
    <File Path="$PSRCDIR/sources_1/imports/arty_a7/artix7_pll.v">
      <FileInfo>
        <Attr Name="ImportPath" Val="$PPRDIR/../../../../Dokument/TAIF_ADVANIA/DRAM_research/DRAM_WRITE_READ_SERIAL/ULTRA_EMBEDDED_SIMPLE/core_ddr3_controller/examples/arty_a7/artix7_pll.v"/>
        <Attr Name="ImportTime" Val="1748722588"/>
        <Attr Name="UsedIn" Val="synthesis"/>
        <Attr Name="UsedIn" Val="implementation"/>
        <Attr Name="UsedIn" Val="simulation"/>
      </FileInfo>
    </File>
    <File Path="$PSRCDIR/sources_1/imports/src_v/ddr3_axi.v">
      <FileInfo>
        <Attr Name="ImportPath" Val="$PPRDIR/../../../../Dokument/TAIF_ADVANIA/DRAM_research/DRAM_WRITE_READ_SERIAL/ULTRA_EMBEDDED_SIMPLE/core_ddr3_controller/src_v/ddr3_axi.v"/>
        <Attr Name="ImportTime" Val="1748722588"/>
        <Attr Name="UsedIn" Val="synthesis"/>
        <Attr Name="UsedIn" Val="implementation"/>
        <Attr Name="UsedIn" Val="simulation"/>
      </FileInfo>
    </File>
    <File Path="$PSRCDIR/sources_1/imports/src_v/ddr3_axi_pmem.v">
      <FileInfo>
        <Attr Name="ImportPath" Val="$PPRDIR/../../../../Dokument/TAIF_ADVANIA/DRAM_research/DRAM_WRITE_READ_SERIAL/ULTRA_EMBEDDED_SIMPLE/core_ddr3_controller/src_v/ddr3_axi_pmem.v"/>
        <Attr Name="ImportTime" Val="1748722588"/>
        <Attr Name="UsedIn" Val="synthesis"/>
        <Attr Name="UsedIn" Val="implementation"/>
        <Attr Name="UsedIn" Val="simulation"/>
      </FileInfo>
    </File>
    <File Path="$PSRCDIR/sources_1/imports/src_v/ddr3_axi_retime.v">
      <FileInfo>
        <Attr Name="ImportPath" Val="$PPRDIR/../../../../Dokument/TAIF_ADVANIA/DRAM_research/DRAM_WRITE_READ_SERIAL/ULTRA_EMBEDDED_SIMPLE/core_ddr3_controller/src_v/ddr3_axi_retime.v"/>
        <Attr Name="ImportTime" Val="1748722588"/>
        <Attr Name="UsedIn" Val="synthesis"/>
        <Attr Name="UsedIn" Val="implementation"/>
        <Attr Name="UsedIn" Val="simulation"/>
      </FileInfo>
    </File>
    <File Path="$PSRCDIR/sources_1/imports/src_v/ddr3_core.v">
      <FileInfo>
        <Attr Name="ImportPath" Val="$PPRDIR/../../../../Dokument/TAIF_ADVANIA/DRAM_research/DRAM_WRITE_READ_SERIAL/ULTRA_EMBEDDED_SIMPLE/core_ddr3_controller/src_v/ddr3_core.v"/>
        <Attr Name="ImportTime" Val="1748722588"/>
        <Attr Name="UsedIn" Val="synthesis"/>
        <Attr Name="UsedIn" Val="implementation"/>
        <Attr Name="UsedIn" Val="simulation"/>
      </FileInfo>
    </File>
    <File Path="$PSRCDIR/sources_1/imports/src_v/phy/xc7/ddr3_dfi_phy.v">
      <FileInfo>
        <Attr Name="ImportPath" Val="$PPRDIR/../../../../Dokument/TAIF_ADVANIA/DRAM_research/DRAM_WRITE_READ_SERIAL/ULTRA_EMBEDDED_SIMPLE/core_ddr3_controller/src_v/phy/xc7/ddr3_dfi_phy.v"/>
        <Attr Name="ImportTime" Val="1748722588"/>
        <Attr Name="UsedIn" Val="synthesis"/>
        <Attr Name="UsedIn" Val="implementation"/>
        <Attr Name="UsedIn" Val="simulation"/>
      </FileInfo>
    </File>
    <File Path="$PSRCDIR/sources_1/imports/src_v/ddr3_dfi_seq.v">
      <FileInfo>
        <Attr Name="ImportPath" Val="$PPRDIR/../../../../Dokument/TAIF_ADVANIA/DRAM_research/DRAM_WRITE_READ_SERIAL/ULTRA_EMBEDDED_SIMPLE/core_ddr3_controller/src_v/ddr3_dfi_seq.v"/>
        <Attr Name="ImportTime" Val="1748722588"/>
        <Attr Name="UsedIn" Val="synthesis"/>
        <Attr Name="UsedIn" Val="implementation"/>
        <Attr Name="UsedIn" Val="simulation"/>
      </FileInfo>
    </File>
    <File Path="$PSRCDIR/sources_1/imports/arty_a7/reset_gen.v">
      <FileInfo>
        <Attr Name="ImportPath" Val="$PPRDIR/../../../../Dokument/TAIF_ADVANIA/DRAM_research/DRAM_WRITE_READ_SERIAL/ULTRA_EMBEDDED_SIMPLE/core_ddr3_controller/examples/arty_a7/reset_gen.v"/>
        <Attr Name="ImportTime" Val="1748722588"/>
        <Attr Name="UsedIn" Val="synthesis"/>
        <Attr Name="UsedIn" Val="implementation"/>
        <Attr Name="UsedIn" Val="simulation"/>
      </FileInfo>
    </File>
    <File Path="$PSRCDIR/sources_1/imports/arty_a7/top.v">
      <FileInfo>
        <Attr Name="ImportPath" Val="$PPRDIR/../../../../Dokument/TAIF_ADVANIA/DRAM_research/DRAM_WRITE_READ_SERIAL/ULTRA_EMBEDDED_SIMPLE/core_ddr3_controller/examples/arty_a7/top.v"/>
        <Attr Name="ImportTime" Val="1748722588"/>
        <Attr Name="UsedIn" Val="synthesis"/>
        <Attr Name="UsedIn" Val="implementation"/>
        <Attr Name="UsedIn" Val="simulation"/>
      </FileInfo>
    </File>
    <File Path="$PSRCDIR/sources_1/imports/src_v/phy/ecp5/ddr3_dfi_phy.v">
      <FileInfo>
        <Attr Name="AutoDisabled" Val="1"/>
        <Attr Name="ImportPath" Val="$PPRDIR/../../../../Dokument/TAIF_ADVANIA/DRAM_research/DRAM_WRITE_READ_SERIAL/ULTRA_EMBEDDED_SIMPLE/core_ddr3_controller/src_v/phy/ecp5/ddr3_dfi_phy.v"/>
        <Attr Name="ImportTime" Val="1748722588"/>
        <Attr Name="UsedIn" Val="synthesis"/>
        <Attr Name="UsedIn" Val="implementation"/>
        <Attr Name="UsedIn" Val="simulation"/>
      </FileInfo>
    </File>
    <Config>
      <Option Name="DesignMode" Val="RTL"/>
      <Option Name="TopModule" Val="top"/>
      <Option Name="TopAutoSet" Val="TRUE"/>
    </Config>
  </FileSet>
  <FileSet Name="constrs_in" Type="Constrs" RelSrcDir="$PSRCDIR/constrs_1" RelGenDir="$PGENDIR/constrs_1">
    <Filter Type="Constrs"/>
    <File Path="$PSRCDIR/constrs_1/imports/arty_a7/arty_revb.xdc">
      <FileInfo>
        <Attr Name="ImportPath" Val="$PPRDIR/../../../../Dokument/TAIF_ADVANIA/DRAM_research/DRAM_WRITE_READ_SERIAL/ULTRA_EMBEDDED_SIMPLE/core_ddr3_controller/examples/arty_a7/arty_revb.xdc"/>
        <Attr Name="ImportTime" Val="1748722588"/>
        <Attr Name="UsedIn" Val="synthesis"/>
        <Attr Name="UsedIn" Val="implementation"/>
      </FileInfo>
    </File>
    <Config>
      <Option Name="ConstrsType" Val="XDC"/>
    </Config>
  </FileSet>
  <FileSet Name="utils" Type="Utils" RelSrcDir="$PSRCDIR/utils_1" RelGenDir="$PGENDIR/utils_1">
    <Filter Type="Utils"/>
    <File Path="$PSRCDIR/utils_1/imports/synth_1/top.dcp">
      <FileInfo>
        <Attr Name="UsedIn" Val="synthesis"/>
        <Attr Name="UsedIn" Val="implementation"/>
        <Attr Name="UsedInSteps" Val="synth_1"/>
        <Attr Name="AutoDcp" Val="1"/>
      </FileInfo>
    </File>
    <Config>
      <Option Name="TopAutoSet" Val="TRUE"/>
    </Config>
  </FileSet>
  <Strategy Version="1" Minor="2">
    <StratHandle Name="Vivado Synthesis Defaults" Flow="Vivado Synthesis 2024"/>
    <Step Id="synth_design"/>
  </Strategy>
</GenRun>
